FIPS,State,"County, State",Year,Overall Food Insecurity Rate,# of Food Insecure Persons Overall,Food Insecurity Rate among Black Persons (all ethnicities),Food Insecurity Rate among Hispanic Persons (any race),"Food Insecurity Rate among White, non-Hispanic Persons",SNAP Threshold,% FI ≤ SNAP Threshold,% FI > SNAP Threshold,Child Food Insecurity Rate,# of Food Insecure Children,% food insecure children in HH w/ HH incomes below 185 FPL,% food insecure children in HH w/ HH incomes above 185 FPL,Cost Per Meal,Weighted weekly $ needed by FI,Weighted Annual Food Budget Shortfall
04003,AZ,Cochise,2019,14.2%,"17,830",15%,19%,12%,185%,74%,26%,21.4%,"5,870",80%,20%,$3.06,$17.25,"$9,332,000"
04003,AZ,Cochise,2020,12.6%,"15,880",18%,19%,10%,185%,73%,27%,19.9%,"5,410",80%,21%,$3.12,$16.54,"$7,965,000"
04003,AZ,Cochise,2021,11.1%,"13,820",16%,16%,9%,185%,73%,27%,16.2%,"4,350",76%,24%,$3.39,$19.73,"$8,272,000"
04003,AZ,Cochise,2022,14.8%,"18,550",20%,23%,12%,185%,72%,28%,22.4%,"5,940",77%,23%,$3.78,$23.43,"$13,186,000"
04003,AZ,Cochise,2023,16.3%,"20,490",23%,25%,13%,185%,69%,31%,22.6%,"5,940",80%,20%,$3.38,$21.13,"$13,135,000"
04019,AZ,Pima,2019,13.3%,"136,740",24%,18%,12%,185%,72%,28%,18.9%,"40,990",72%,28%,$3.22,$18.16,"$75,319,000"
04019,AZ,Pima,2020,12.6%,"130,860",23%,18%,10%,185%,71%,29%,19.4%,"41,880",74%,26%,$3.31,$17.57,"$69,735,000"
04019,AZ,Pima,2021,10.9%,"112,480",20%,15%,9%,185%,69%,31%,14.7%,"31,790",70%,31%,$3.58,$20.83,"$71,064,000"
04019,AZ,Pima,2022,14.0%,"146,200",24%,21%,12%,185%,66%,34%,19.7%,"41,510",66%,34%,$3.94,$24.44,"$108,366,000"
04019,AZ,Pima,2023,15.1%,"158,260",26%,22%,13%,185%,63%,37%,19.2%,"40,050",66%,34%,$3.51,$21.91,"$105,161,000"
04023,AZ,Santa Cruz,2019,14.6%,"6,760",,19%,11%,185%,100%,0%,22.6%,"2,880",91%,10%,$2.64,$14.90,"$3,056,000"
04023,AZ,Santa Cruz,2020,14.0%,"6,540",,20%,7%,185%,99%,1%,24.0%,"3,030",90%,10%,$2.72,$14.42,"$2,860,000"
04023,AZ,Santa Cruz,2021,13.2%,"6,280",,17%,7%,185%,85%,15%,18.4%,"2,370",75%,25%,$3.00,$17.46,"$3,326,000"
04023,AZ,Santa Cruz,2022,17.6%,"8,430",,23%,11%,185%,83%,17%,22.6%,"2,850",70%,30%,$3.31,$20.49,"$5,238,000"
04023,AZ,Santa Cruz,2023,18.6%,"8,960",,25%,12%,185%,81%,19%,20.9%,"2,630",75%,25%,$2.94,$18.39,"$4,999,000"
04027,AZ,Yuma,2019,18.2%,"38,200",21%,18%,12%,185%,86%,14%,29.5%,"15,710",88%,12%,$2.80,$15.81,"$18,314,000"
04027,AZ,Yuma,2020,16.2%,"34,400",23%,18%,10%,185%,87%,13%,28.3%,"15,110",83%,17%,$2.86,$15.18,"$15,843,000"
04027,AZ,Yuma,2021,14.6%,"29,710",20%,15%,10%,185%,80%,20%,21.2%,"10,930",75%,25%,$3.21,$18.70,"$16,853,000"
04027,AZ,Yuma,2022,18.8%,"38,510",27%,20%,13%,185%,80%,20%,26.2%,"13,430",75%,25%,$3.57,$22.12,"$25,836,000"
04027,AZ,Yuma,2023,19.5%,"40,550",32%,22%,14%,185%,75%,25%,24.3%,"12,520",78%,22%,$3.19,$19.92,"$24,501,000"
06025,CA,Imperial,2019,19.1%,"34,580",27%,19%,10%,200%,92%,8%,31.0%,"16,060",80%,20%,$2.75,$15.49,"$16,251,000"
06025,CA,Imperial,2020,19.0%,"34,270",25%,20%,7%,200%,85%,15%,32.7%,"16,930",78%,22%,$2.85,$15.15,"$15,746,000"
06025,CA,Imperial,2021,17.0%,"30,630",,18%,8%,200%,85%,15%,24.5%,"12,710",69%,31%,$3.15,$18.37,"$17,064,000"
06025,CA,Imperial,2022,21.0%,"37,760",24%,25%,11%,200%,85%,15%,28.2%,"14,370",70%,30%,$3.48,$21.56,"$24,693,000"
06025,CA,Imperial,2023,21.6%,"38,670",27%,26%,14%,200%,87%,13%,25.7%,"13,150",77%,23%,$3.06,$19.15,"$22,464,000"
06073,CA,San Diego,2019,9.2%,"305,100",19%,14%,7%,200%,72%,28%,11.7%,"84,370",70%,30%,$3.47,$19.53,"$180,727,000"
06073,CA,San Diego,2020,10.1%,"336,190",20%,15%,5%,200%,68%,32%,14.2%,"102,300",67%,33%,$3.70,$19.62,"$200,073,000"
06073,CA,San Diego,2021,9.0%,"297,010",20%,13%,6%,200%,66%,34%,11.1%,"79,510",66%,34%,$3.95,$23.00,"$207,187,000"
06073,CA,San Diego,2022,10.9%,"358,890",24%,18%,8%,200%,61%,39%,14.5%,"101,420",60%,40%,$4.34,$26.89,"$292,784,000"
06073,CA,San Diego,2023,12.0%,"394,660",26%,20%,9%,200%,56%,44%,14.5%,"100,740",60%,40%,$3.84,$24.02,"$287,566,000"
35013,NM,Doña Ana,2022,16.4%,"36,140",26%,21%,12%,165%,76%,24%,23.4%,"12,280",72%,28%,$3.89,$24.12,"$26,444,000"
35013,NM,Doña Ana,2023,17.2%,"38,040",32%,22%,13%,200%,83%,17%,21.9%,"11,410",80%,20%,$3.39,$21.18,"$24,437,000"
35017,NM,Grant,2019,16.3%,"4,520",,19%,11%,165%,75%,25%,26.5%,"1,480",73%,27%,$3.30,$18.60,"$2,551,000"
35017,NM,Grant,2020,17.5%,"4,780",,20%,12%,165%,77%,23%,28.9%,"1,560",74%,26%,$3.35,$17.77,"$2,577,000"
35017,NM,Grant,2021,15.5%,"4,360",,16%,14%,165%,80%,21%,24.2%,"1,340",72%,28%,$3.64,$21.22,"$2,806,000"
35017,NM,Grant,2022,16.9%,"4,720",,21%,16%,165%,76%,24%,27.3%,"1,450",76%,24%,$4.00,$24.78,"$3,549,000"
35017,NM,Grant,2023,17.8%,"4,950",,23%,16%,200%,81%,19%,25.4%,"1,280",82%,18%,$3.57,$22.31,"$3,350,000"
35023,NM,Hidalgo,2019,16.7%,720,,19%,11%,165%,73%,27%,25.8%,240,74%,26%,$3.07,$17.32,"$378,000"
35023,NM,Hidalgo,2020,13.9%,590,,18%,10%,165%,82%,19%,22.3%,210,83%,17%,$3.35,$17.77,"$318,000"
35023,NM,Hidalgo,2021,13.5%,570,,15%,11%,165%,78%,22%,20.9%,190,70%,30%,$3.64,$21.22,"$367,000"
35023,NM,Hidalgo,2022,16.4%,680,,21%,12%,165%,74%,26%,25.2%,230,65%,35%,$4.00,$24.78,"$511,000"
35023,NM,Hidalgo,2023,16.5%,670,,23%,11%,200%,87%,13%,23.3%,210,73%,27%,$3.57,$22.31,"$453,000"
35029,NM,Luna,2019,21.4%,"5,150",,19%,18%,165%,92%,8%,32.7%,"2,080",89%,11%,$2.91,$16.38,"$2,559,000"
35029,NM,Luna,2020,20.2%,"4,860",,18%,17%,165%,97%,3%,32.7%,"2,070",96%,4%,$3.02,$16.01,"$2,361,000"
35029,NM,Luna,2021,20.6%,"5,200",,17%,14%,165%,90%,10%,29.8%,"2,040",85%,15%,$3.28,$19.12,"$3,016,000"
35029,NM,Luna,2022,21.2%,"5,370",,23%,16%,165%,92%,8%,31.1%,"2,110",87%,13%,$3.60,$22.31,"$3,634,000"
35029,NM,Luna,2023,22.8%,"5,810",,25%,16%,200%,97%,3%,31.8%,"2,100",98%,2%,$3.16,$19.74,"$3,479,000"
35035,NM,Otero,2019,16.7%,"11,070",22%,19%,12%,165%,69%,31%,25.0%,"3,870",77%,23%,$3.21,$18.08,"$6,070,000"
35035,NM,Otero,2020,15.5%,"10,340",17%,19%,10%,165%,71%,29%,23.6%,"3,640",81%,19%,$3.29,$17.47,"$5,479,000"
35035,NM,Otero,2021,14.9%,"10,000",18%,18%,11%,165%,70%,30%,20.6%,"3,210",76%,25%,$3.60,$20.97,"$6,360,000"
35035,NM,Otero,2022,16.5%,"11,220",21%,25%,13%,165%,69%,31%,25.1%,"3,800",80%,20%,$3.94,$24.44,"$8,318,000"
35035,NM,Otero,2023,17.9%,"12,200",23%,25%,14%,200%,79%,21%,26.9%,"4,060",93%,7%,$3.45,$21.55,"$7,975,000"
35051,NM,Sierra,2019,20.6%,"2,270",,19%,14%,165%,77%,23%,31.9%,560,74%,26%,$2.95,$16.64,"$1,145,000"
35051,NM,Sierra,2020,18.8%,"2,060",,17%,12%,165%,72%,28%,28.9%,500,69%,31%,$3.35,$17.77,"$1,110,000"
35051,NM,Sierra,2021,18.8%,"2,170",,16%,12%,165%,76%,24%,28.7%,530,64%,36%,$3.64,$21.22,"$1,396,000"
35051,NM,Sierra,2022,21.1%,"2,430",,,15%,165%,78%,22%,33.7%,620,65%,35%,$4.00,$24.78,"$1,827,000"
35051,NM,Sierra,2023,21.9%,"2,520",,21%,17%,200%,91%,9%,33.1%,590,79%,21%,$3.57,$22.31,"$1,706,000"
48043,TX,Brewster,2019,15.6%,"1,440",,18%,11%,165%,59%,41%,16.5%,290,54%,47%,$3.02,$17.02,"$744,000"
48043,TX,Brewster,2020,15.8%,"1,460",,20%,11%,165%,63%,37%,17.3%,310,49%,51%,$2.82,$14.99,"$664,000"
48043,TX,Brewster,2021,14.3%,"1,360",,16%,11%,165%,57%,43%,13.0%,230,40%,60%,$3.21,$18.68,"$771,000"
48043,TX,Brewster,2022,17.8%,"1,680",,22%,14%,165%,56%,44%,20.4%,350,44%,56%,$3.53,$21.88,"$1,115,000"
48043,TX,Brewster,2023,16.7%,"1,580",,22%,13%,165%,48%,52%,16.5%,270,29%,71%,$3.22,$20.13,"$965,000"
48047,TX,Brooks,2019,22.0%,"1,570",,26%,,165%,87%,13%,33.3%,630,80%,20%,$2.52,$14.20,"$676,000"
48047,TX,Brooks,2020,23.9%,"1,700",,28%,19%,165%,83%,17%,39.8%,660,82%,18%,$2.92,$15.48,"$798,000"
48047,TX,Brooks,2021,23.3%,"1,660",,25%,15%,165%,76%,24%,34.3%,590,66%,34%,$3.20,$18.63,"$938,000"
48047,TX,Brooks,2022,26.2%,"1,850",,32%,,165%,78%,22%,31.8%,500,69%,31%,$3.47,$21.51,"$1,207,000"
48047,TX,Brooks,2023,27.0%,"1,880",,34%,,165%,84%,17%,30.9%,400,73%,27%,$3.17,$19.79,"$1,128,000"
48061,TX,Cameron,2019,17.5%,"73,730",17%,21%,12%,165%,94%,6%,25.7%,"33,380",87%,13%,$2.37,$13.33,"$29,810,000"
48061,TX,Cameron,2020,17.9%,"75,390",24%,22%,10%,165%,90%,10%,28.3%,"36,370",91%,9%,$2.45,$12.99,"$29,708,000"
48061,TX,Cameron,2021,18.0%,"75,650",24%,19%,10%,165%,80%,20%,23.4%,"29,830",74%,26%,$3.09,$17.99,"$41,280,000"
48061,TX,Cameron,2022,21.9%,"92,480",30%,26%,13%,165%,82%,18%,27.2%,"33,780",76%,24%,$3.31,$20.54,"$57,606,000"
48061,TX,Cameron,2023,22.5%,"95,060",32%,28%,13%,165%,86%,14%,25.1%,"31,010",80%,19%,$2.92,$18.22,"$52,539,000"
48105,TX,Crockett,2019,12.4%,430,,,,165%,55%,45%,22.3%,190,62%,38%,$2.59,$14.60,"$190,000"
48105,TX,Crockett,2020,14.5%,490,,,,165%,63%,37%,25.1%,200,67%,33%,$2.81,$14.94,"$222,000"
48105,TX,Crockett,2021,11.4%,340,,,7%,165%,41%,59%,19.0%,120,16%,84%,$3.23,$18.83,"$194,000"
48105,TX,Crockett,2022,15.2%,450,,,9%,165%,38%,62%,21.6%,110,9%,91%,$3.46,$21.42,"$292,000"
48105,TX,Crockett,2023,14.4%,410,,,13%,165%,53%,47%,,,,,$3.09,$19.30,"$240,000"
48109,TX,Culberson,2019,19.0%,420,,24%,17%,165%,94%,6%,34.6%,220,82%,18%,$2.95,$16.63,"$212,000"
48109,TX,Culberson,2020,19.8%,430,,27%,,165%,85%,16%,36.4%,210,87%,13%,$2.96,$15.73,"$205,000"
48109,TX,Culberson,2021,17.3%,380,,24%,,165%,88%,12%,28.7%,160,79%,21%,$3.31,$19.26,"$222,000"
48109,TX,Culberson,2022,20.9%,460,,32%,,165%,71%,30%,36.8%,120,90%,10%,$3.64,$22.55,"$315,000"
48109,TX,Culberson,2023,20.0%,440,,,,165%,92%,8%,27.3%,130,98%,2%,$3.20,$20.02,"$267,000"
48127,TX,Dimmit,2019,20.1%,"2,100",,26%,20%,165%,94%,6%,30.1%,920,74%,26%,$2.38,$13.39,"$853,000"
48127,TX,Dimmit,2020,23.1%,"2,370",,28%,16%,165%,84%,16%,33.0%,960,78%,22%,$2.24,$11.91,"$856,000"
48127,TX,Dimmit,2021,25.4%,"2,240",,27%,16%,165%,82%,18%,31.0%,790,67%,33%,$2.73,$15.92,"$1,082,000"
48127,TX,Dimmit,2022,28.5%,"2,470",,33%,17%,165%,93%,7%,33.3%,800,78%,22%,$2.97,$18.42,"$1,380,000"
48127,TX,Dimmit,2023,30.5%,"2,600",,37%,22%,165%,100%,0%,34.8%,840,92%,8%,$2.84,$17.75,"$1,400,000"
48131,TX,Duval,2019,17.2%,"1,930",,23%,12%,165%,86%,14%,26.0%,760,94%,6%,$2.74,$15.45,"$904,000"
48131,TX,Duval,2020,17.9%,"2,000",,22%,8%,165%,73%,28%,29.8%,860,88%,12%,$2.85,$15.14,"$918,000"
48131,TX,Duval,2021,18.5%,"1,850",,22%,7%,165%,71%,29%,27.3%,710,79%,21%,$3.18,$18.54,"$1,040,000"
48131,TX,Duval,2022,21.2%,"2,110",,28%,11%,165%,73%,27%,28.4%,710,84%,16%,$3.43,$21.28,"$1,362,000"
48131,TX,Duval,2023,25.2%,"2,470",,34%,15%,165%,70%,30%,33.3%,850,78%,22%,$3.13,$19.56,"$1,465,000"
48137,TX,Edwards,2019,13.1%,250,,,,165%,100%,0%,24.0%,70,100%,0%,$2.49,$14.04,"$106,000"
48137,TX,Edwards,2020,12.3%,240,,,,165%,100%,0%,18.6%,80,100%,0%,$2.40,$12.71,"$93,000"
48137,TX,Edwards,2021,14.0%,190,,,,165%,100%,0%,19.7%,40,100%,0%,$2.83,$16.51,"$95,000"
48137,TX,Edwards,2022,19.0%,260,,,,165%,86%,14%,28.3%,80,100%,0%,$3.02,$18.74,"$148,000"
48137,TX,Edwards,2023,20.0%,280,,,,165%,63%,37%,28.0%,60,71%,29%,$2.86,$17.89,"$152,000"
48141,TX,El Paso ,2019,14.6%,"121,760",20%,19%,12%,165%,87%,13%,20.8%,"47,770",83%,17%,$2.90,$16.34,"$60,347,000"
48141,TX,El Paso ,2020,15.1%,"126,370",22%,20%,10%,165%,83%,17%,23.8%,"54,200",85%,15%,$2.96,$15.73,"$60,309,000"
48141,TX,El Paso ,2021,15.0%,"128,910",22%,18%,10%,165%,74%,26%,19.5%,"45,380",72%,28%,$3.31,$19.26,"$75,320,000"
48141,TX,El Paso ,2022,19.4%,"167,200",29%,25%,12%,165%,73%,27%,24.3%,"55,600",73%,27%,$3.64,$22.55,"$114,375,000"
48141,TX,El Paso ,2023,20.1%,"174,430",32%,26%,13%,165%,76%,25%,22.1%,"50,650",78%,22%,$3.20,$20.02,"$105,923,000"
48163,TX,Frio,2019,15.1%,"3,000",,20%,15%,165%,63%,37%,24.0%,"1,140",65%,35%,$2.75,$15.48,"$1,409,000"
48163,TX,Frio,2020,14.5%,"2,910",,20%,15%,165%,56%,44%,22.3%,"1,050",61%,39%,$2.49,$13.22,"$1,167,000"
48163,TX,Frio,2021,15.9%,"2,930",,18%,13%,165%,51%,49%,21.8%,950,54%,46%,$3.13,$18.20,"$1,618,000"
48163,TX,Frio,2022,19.7%,"3,580",,24%,13%,165%,53%,47%,26.0%,"1,100",56%,44%,$3.36,$20.82,"$2,261,000"
48163,TX,Frio,2023,20.8%,"3,760",,28%,15%,165%,60%,40%,25.2%,"1,180",57%,43%,$2.90,$18.10,"$2,064,000"
48215,TX,Hidalgo,2019,18.0%,"153,810",18%,21%,12%,165%,94%,6%,26.4%,"74,290",87%,13%,$2.43,$13.68,"$63,826,000"
48215,TX,Hidalgo,2020,19.1%,"164,720",22%,22%,11%,165%,90%,10%,29.7%,"83,470",90%,10%,$2.46,$13.07,"$65,298,000"
48215,TX,Hidalgo,2021,19.0%,"164,390",24%,20%,12%,165%,81%,19%,24.0%,"67,460",75%,25%,$3.08,$17.95,"$89,509,000"
48215,TX,Hidalgo,2022,22.9%,"199,990",32%,26%,15%,165%,82%,18%,27.1%,"75,020",74%,26%,$3.31,$20.54,"$124,625,000"
48215,TX,Hidalgo,2023,23.6%,"208,140",34%,28%,16%,165%,87%,13%,25.2%,"69,780",79%,21%,$2.92,$18.26,"$115,307,000"
48229,TX,Hudspeth,2019,17.3%,770,,23%,18%,165%,89%,11%,29.0%,310,89%,11%,$2.96,$16.65,"$389,000"
48229,TX,Hudspeth,2020,18.1%,850,,24%,19%,165%,78%,22%,27.4%,310,85%,15%,$2.96,$15.73,"$406,000"
48229,TX,Hudspeth,2021,22.3%,740,,24%,21%,165%,62%,38%,26.4%,200,66%,34%,$3.31,$19.26,"$432,000"
48229,TX,Hudspeth,2022,24.8%,830,,33%,,165%,70%,30%,30.1%,170,79%,21%,$3.64,$22.55,"$568,000"
48229,TX,Hudspeth,2023,23.2%,770,,30%,,165%,78%,22%,27.6%,170,100%,0%,$3.20,$20.02,"$468,000"
48243,TX,Jeff Davis,2019,10.0%,220,,12%,8%,165%,79%,21%,17.6%,70,82%,18%,$3.25,$18.31,"$122,000"
48243,TX,Jeff Davis,2020,15.7%,350,,,,165%,83%,18%,31.4%,100,100%,0%,$2.82,$14.99,"$159,000"
48243,TX,Jeff Davis,2021,15.5%,310,,,,165%,87%,13%,24.8%,90,90%,10%,$3.21,$18.68,"$176,000"
48243,TX,Jeff Davis,2022,20.2%,400,,,,165%,66%,34%,31.8%,90,70%,30%,$3.53,$21.88,"$265,000"
48243,TX,Jeff Davis,2023,24.2%,420,,,,165%,68%,32%,28.8%,80,46%,54%,$3.22,$20.13,"$256,000"
48247,TX,Jim Hogg ,2019,18.5%,970,,24%,,165%,95%,6%,31.8%,530,78%,22%,$2.67,$15.04,"$443,000"
48247,TX,Jim Hogg ,2020,19.7%,"1,020",,26%,,165%,84%,16%,34.9%,630,76%,25%,$2.85,$15.14,"$468,000"
48247,TX,Jim Hogg ,2021,20.2%,980,,21%,,165%,78%,22%,28.3%,440,73%,27%,$3.18,$18.54,"$551,000"
48247,TX,Jim Hogg ,2022,23.2%,"1,120",,28%,,165%,92%,8%,28.6%,450,81%,19%,$3.43,$21.28,"$723,000"
48247,TX,Jim Hogg ,2023,24.8%,"1,190",,31%,,165%,100%,0%,33.8%,560,85%,15%,$3.13,$19.56,"$706,000"
48261,TX,Kenedy,2019,14.0%,80,,,,165%,100%,0%,14.9%,30,100%,0%,$2.53,$14.24,"$35,000"
48261,TX,Kenedy,2020,10.9%,40,,,,165%,100%,0%,18.8%,20,72%,28%,$2.92,$15.48,"$19,000"
48261,TX,Kenedy,2021,12.8%,20,,,,165%,98%,2%,15.4%,10,69%,31%,$3.20,$18.63,"$11,000"
48261,TX,Kenedy,2022,20.1%,20,,,,165%,100%,0%,25.0%,10,58%,42%,$3.47,$21.51,"$13,000"
48261,TX,Kenedy,2023,26.4%,10,,,,165%,46%,54%,,,,,$3.17,$19.79,"$6,000"
48271,TX,Kinney,2019,17.9%,660,,,13%,165%,85%,15%,30.1%,140,96%,4%,$2.27,$12.78,"$256,000"
48271,TX,Kinney,2020,16.2%,600,,,10%,165%,81%,19%,28.9%,130,99%,1%,$2.39,$12.66,"$230,000"
48271,TX,Kinney,2021,19.3%,620,,21%,12%,165%,77%,23%,30.0%,150,84%,16%,$2.82,$16.40,"$309,000"
48271,TX,Kinney,2022,22.2%,700,,28%,15%,165%,72%,28%,33.3%,120,93%,7%,$3.04,$18.86,"$400,000"
48271,TX,Kinney,2023,20.4%,640,,23%,14%,165%,66%,34%,,,,,$2.84,$17.72,"$344,000"
48283,TX,La Salle ,2019,13.9%,"1,030",,19%,16%,165%,70%,30%,19.2%,290,95%,5%,$2.56,$14.44,"$451,000"
48283,TX,La Salle ,2020,14.1%,"1,060",,20%,,165%,64%,36%,20.9%,330,100%,0%,$2.49,$13.22,"$425,000"
48283,TX,La Salle ,2021,14.3%,990,,16%,,165%,57%,43%,14.1%,220,91%,9%,$3.16,$18.43,"$553,000"
48283,TX,La Salle ,2022,20.4%,"1,420",,23%,21%,165%,62%,38%,21.2%,330,85%,15%,$3.43,$21.23,"$915,000"
48283,TX,La Salle ,2023,20.4%,"1,420",,26%,,165%,74%,26%,17.1%,280,95%,5%,$3.12,$19.52,"$841,000"
48311,TX,McMullen,2019,12.3%,100,,,,165%,47%,53%,14.8%,30,53%,47%,$2.75,$15.52,"$47,000"
48311,TX,McMullen,2020,9.3%,70,,,,165%,93%,8%,14.7%,30,100%,0%,$2.74,$14.55,"$31,000"
48311,TX,McMullen,2021,9.9%,70,,,,165%,100%,0%,13.6%,30,100%,0%,$3.06,$17.81,"$38,000"
48311,TX,McMullen,2022,15.5%,100,,,,165%,100%,0%,19.4%,40,100%,0%,$3.31,$20.50,"$62,000"
48311,TX,McMullen,2023,14.0%,90,,,,165%,100%,0%,16.9%,40,100%,0%,$3.03,$18.93,"$52,000"
48323,TX,Maverick,2019,18.0%,"10,500",,21%,17%,165%,96%,4%,26.4%,"4,830",87%,13%,$2.20,$12.39,"$3,947,000"
48323,TX,Maverick,2020,20.1%,"11,660",,22%,18%,165%,89%,11%,31.6%,"5,740",91%,9%,$2.24,$11.91,"$4,211,000"
48323,TX,Maverick,2021,19.5%,"11,270",,19%,18%,165%,77%,23%,24.7%,"4,470",76%,24%,$2.73,$15.92,"$5,443,000"
48323,TX,Maverick,2022,22.3%,"12,900",,25%,17%,165%,81%,19%,26.3%,"4,720",78%,22%,$2.97,$18.42,"$7,209,000"
48323,TX,Maverick,2023,22.7%,"13,120",,27%,18%,165%,86%,14%,23.5%,"4,240",84%,16%,$2.84,$17.75,"$7,064,000"
48371,TX,Pecos,2019,12.0%,"1,890",,17%,8%,165%,64%,36%,17.6%,680,87%,13%,$2.93,$16.50,"$946,000"
48371,TX,Pecos,2020,13.7%,"2,150",,19%,6%,165%,64%,36%,20.0%,780,83%,18%,$2.82,$14.99,"$978,000"
48371,TX,Pecos,2021,15.8%,"2,400",,17%,7%,165%,59%,41%,19.4%,730,69%,31%,$3.21,$18.68,"$1,360,000"
48371,TX,Pecos,2022,19.2%,"2,900",,22%,11%,165%,57%,43%,24.0%,890,63%,37%,$3.53,$21.88,"$1,925,000"
48371,TX,Pecos,2023,21.1%,"3,160",,25%,13%,165%,59%,41%,23.6%,860,61%,39%,$3.22,$20.13,"$1,929,000"
48377,TX,Presidio,2019,24.2%,"1,690",,28%,,165%,100%,0%,34.7%,630,87%,13%,$3.18,$17.93,"$919,000"
48377,TX,Presidio,2020,28.7%,"1,950",,31%,,165%,100%,0%,44.1%,800,85%,15%,$2.82,$14.99,"$887,000"
48377,TX,Presidio,2021,24.5%,"1,550",,26%,,165%,94%,6%,31.0%,530,82%,18%,$3.21,$18.68,"$878,000"
48377,TX,Presidio,2022,27.6%,"1,700",,35%,,165%,84%,16%,32.2%,590,88%,12%,$3.53,$21.88,"$1,128,000"
48377,TX,Presidio,2023,28.9%,"1,740",,40%,,165%,87%,13%,29.0%,490,99%,1%,$3.22,$20.13,"$1,062,000"
48385,TX,Real,2019,20.7%,710,,,14%,165%,71%,29%,31.4%,280,65%,35%,$2.64,$14.87,"$320,000"
48385,TX,Real,2020,21.3%,730,,,12%,165%,68%,33%,32.3%,250,60%,40%,$2.40,$12.71,"$282,000"
48385,TX,Real,2021,21.3%,610,,,13%,165%,79%,21%,29.9%,200,61%,39%,$2.83,$16.51,"$305,000"
48385,TX,Real,2022,23.4%,660,,,15%,165%,76%,24%,35.6%,240,61%,39%,$3.02,$18.74,"$375,000"
48385,TX,Real,2023,23.4%,660,,,17%,165%,66%,34%,34.7%,260,39%,61%,$2.86,$17.89,"$358,000"
48389,TX,Reeves,2019,10.7%,"1,650",,17%,11%,165%,68%,32%,15.9%,550,71%,29%,$2.93,$16.49,"$825,000"
48389,TX,Reeves,2020,11.9%,"1,850",,18%,8%,165%,74%,26%,19.7%,680,84%,16%,$2.82,$14.99,"$841,000"
48389,TX,Reeves,2021,12.6%,"1,830",,17%,4%,165%,74%,26%,16.2%,540,68%,32%,$3.21,$18.68,"$1,037,000"
48389,TX,Reeves,2022,17.8%,"2,490",,24%,11%,165%,70%,31%,23.6%,770,69%,31%,$3.53,$21.88,"$1,653,000"
48389,TX,Reeves,2023,19.0%,"2,510",,26%,10%,165%,79%,21%,21.8%,710,77%,23%,$3.22,$20.13,"$1,533,000"
48427,TX,Starr,2019,21.1%,"13,550",,24%,,165%,100%,0%,31.6%,"6,680",91%,9%,$2.62,$14.78,"$6,073,000"
48427,TX,Starr,2020,23.6%,"15,100",,25%,,165%,96%,4%,37.3%,"7,850",92%,8%,$2.72,$14.44,"$6,613,000"
48427,TX,Starr,2021,23.7%,"15,550",,23%,,165%,91%,9%,31.0%,"6,700",80%,20%,$3.09,$18.02,"$8,501,000"
48427,TX,Starr,2022,27.2%,"17,890",,30%,,165%,94%,6%,32.6%,"7,000",82%,17%,$3.35,$20.78,"$11,277,000"
48427,TX,Starr,2023,27.9%,"18,350",,33%,20%,165%,100%,0%,30.6%,"6,590",86%,14%,$3.03,$18.94,"$10,543,000"
48435,TX,Sutton,2019,12.4%,480,,17%,9%,165%,55%,45%,17.6%,180,65%,36%,$2.56,$14.44,"$210,000"
48435,TX,Sutton,2020,13.6%,520,,18%,6%,165%,61%,39%,21.0%,220,62%,38%,$2.81,$14.94,"$236,000"
48435,TX,Sutton,2021,13.5%,460,,16%,5%,165%,67%,33%,17.1%,180,58%,42%,$3.23,$18.83,"$263,000"
48435,TX,Sutton,2022,18.2%,610,,23%,7%,165%,68%,32%,22.2%,240,62%,38%,$3.46,$21.42,"$396,000"
48435,TX,Sutton,2023,17.0%,560,,23%,9%,165%,70%,30%,20.9%,190,69%,31%,$3.09,$19.30,"$328,000"
48443,TX,Terrell,2019,9.9%,90,,,,165%,93%,7%,18.7%,30,31%,69%,$2.66,$14.98,"$41,000"
48443,TX,Terrell,2020,9.1%,80,,,,165%,100%,0%,17.2%,20,51%,50%,$2.39,$12.66,"$31,000"
48443,TX,Terrell,2021,10.0%,100,,,,165%,100%,0%,16.8%,30,54%,46%,$2.82,$16.40,"$50,000"
48443,TX,Terrell,2022,15.8%,140,,,,165%,29%,71%,23.7%,30,19%,81%,$3.04,$18.86,"$80,000"
48443,TX,Terrell,2023,16.4%,140,,,,165%,39%,61%,,,,,$2.84,$17.72,"$75,000"
48463,TX,Uvalde,2019,14.2%,"3,820",,20%,10%,165%,91%,9%,21.0%,"1,530",91%,9%,$2.30,$12.95,"$1,501,000"
48463,TX,Uvalde,2020,15.8%,"4,250",,23%,9%,165%,83%,17%,24.1%,"1,730",90%,10%,$2.40,$12.71,"$1,639,000"
48463,TX,Uvalde,2021,15.9%,"3,970",,19%,10%,165%,77%,23%,20.8%,"1,400",78%,22%,$2.83,$16.51,"$1,988,000"
48463,TX,Uvalde,2022,22.2%,"5,510",,27%,12%,165%,75%,25%,27.7%,"1,800",78%,22%,$3.02,$18.74,"$3,132,000"
48463,TX,Uvalde,2023,22.5%,"5,590",,29%,14%,165%,73%,27%,25.6%,"1,660",78%,22%,$2.86,$17.89,"$3,033,000"
48465,TX,Val Verde,2019,14.8%,"7,230",,20%,12%,165%,91%,9%,20.7%,"2,890",92%,8%,$2.33,$13.14,"$2,882,000"
48465,TX,Val Verde,2020,15.1%,"7,420",,21%,10%,165%,87%,13%,22.6%,"3,130",89%,11%,$2.39,$12.66,"$2,849,000"
48465,TX,Val Verde,2021,14.8%,"7,050",,17%,11%,165%,80%,20%,17.6%,"2,410",76%,24%,$2.82,$16.40,"$3,508,000"
48465,TX,Val Verde,2022,18.4%,"8,790",,22%,12%,165%,72%,28%,20.8%,"2,780",71%,29%,$3.04,$18.86,"$5,028,000"
48465,TX,Val Verde,2023,20.2%,"9,620",,26%,14%,165%,75%,25%,20.4%,"2,730",77%,23%,$2.84,$17.72,"$5,170,000"
48479,TX,Webb,2019,15.8%,"43,300",33%,20%,11%,165%,95%,5%,22.4%,"20,400",88%,12%,$2.63,$14.85,"$19,501,000"
48479,TX,Webb,2020,16.2%,"44,480",32%,21%,9%,165%,87%,14%,25.2%,"22,770",88%,12%,$2.71,$14.37,"$19,386,000"
48479,TX,Webb,2021,16.0%,"42,720",31%,18%,11%,165%,75%,25%,19.7%,"17,210",71%,30%,$3.16,$18.43,"$23,877,000"
48479,TX,Webb,2022,20.0%,"53,460",35%,24%,12%,165%,76%,24%,23.3%,"19,830",69%,31%,$3.43,$21.23,"$34,429,000"
48479,TX,Webb,2023,20.8%,"55,710",,26%,15%,165%,81%,19%,21.4%,"18,170",74%,26%,$3.12,$19.52,"$32,994,000"
48489,TX,Willacy,2019,18.8%,"4,050",,22%,14%,165%,100%,0%,29.3%,"1,520",99%,1%,$2.24,$12.63,"$1,551,000"
48489,TX,Willacy,2020,19.0%,"4,080",,23%,11%,165%,91%,10%,30.9%,"1,570",97%,3%,$2.28,$12.12,"$1,499,000"
48489,TX,Willacy,2021,19.4%,"3,960",,20%,11%,165%,82%,18%,26.4%,"1,280",84%,16%,$2.98,$17.35,"$2,084,000"
48489,TX,Willacy,2022,23.9%,"4,840",,28%,13%,165%,83%,17%,29.5%,"1,440",89%,11%,$3.09,$19.17,"$2,814,000"
48489,TX,Willacy,2023,23.3%,"4,710",,29%,12%,165%,89%,11%,26.3%,"1,270",95%,5%,$2.60,$16.22,"$2,318,000"
48505,TX,Zapata,2019,19.4%,"2,780",,24%,,165%,92%,9%,28.0%,"1,340",82%,19%,$2.45,$13.83,"$1,166,000"
48505,TX,Zapata,2020,21.4%,"3,040",,24%,,165%,91%,10%,33.1%,"1,570",81%,19%,$2.72,$14.44,"$1,331,000"
48505,TX,Zapata,2021,22.9%,"3,190",,23%,,165%,85%,15%,30.1%,"1,400",69%,32%,$3.09,$18.02,"$1,744,000"
48505,TX,Zapata,2022,26.6%,"3,700",,31%,,165%,87%,13%,32.6%,"1,480",68%,32%,$3.35,$20.78,"$2,332,000"
48505,TX,Zapata,2023,27.1%,"3,760",,33%,,165%,93%,7%,29.7%,"1,320",68%,32%,$3.03,$18.94,"$2,160,000"
48507,TX,Zavala,2019,21.5%,"2,590",,24%,42%,165%,100%,0%,37.3%,"1,330",97%,4%,$2.33,$13.15,"$1,033,000"
48507,TX,Zavala,2020,22.8%,"2,720",,24%,22%,165%,100%,0%,41.3%,"1,430",100%,0%,$2.40,$12.71,"$1,049,000"
48507,TX,Zavala,2021,21.6%,"2,140",,20%,,165%,89%,11%,32.4%,940,87%,13%,$2.83,$16.51,"$1,071,000"
48507,TX,Zavala,2022,25.5%,"2,470",,28%,,165%,92%,8%,35.8%,"1,020",88%,12%,$3.02,$18.74,"$1,404,000"
48507,TX,Zavala,2023,28.4%,"2,710",,33%,,165%,100%,0%,34.0%,950,90%,10%,$2.86,$17.89,"$1,470,000"