FIPS_Code,State,Area_Name,Rural_Urban_Continuum_Code_2023,Urban_Influence_Code_2013,Metro_2023,Civilian_labor_force_2000,Employed_2000,Unemployed_2000,Unemployment_rate_2000,Civilian_labor_force_2001,Employed_2001,Unemployed_2001,Unemployment_rate_2001,Civilian_labor_force_2002,Employed_2002,Unemployed_2002,Unemployment_rate_2002,Civilian_labor_force_2003,Employed_2003,Unemployed_2003,Unemployment_rate_2003,Civilian_labor_force_2004,Employed_2004,Unemployed_2004,Unemployment_rate_2004,Civilian_labor_force_2005,Employed_2005,Unemployed_2005,Unemployment_rate_2005,Civilian_labor_force_2006,Employed_2006,Unemployed_2006,Unemployment_rate_2006,Civilian_labor_force_2007,Employed_2007,Unemployed_2007,Unemployment_rate_2007,Civilian_labor_force_2008,Employed_2008,Unemployed_2008,Unemployment_rate_2008,Civilian_labor_force_2009,Employed_2009,Unemployed_2009,Unemployment_rate_2009,Civilian_labor_force_2010,Employed_2010,Unemployed_2010,Unemployment_rate_2010,Civilian_labor_force_2011,Employed_2011,Unemployed_2011,Unemployment_rate_2011,Civilian_labor_force_2012,Employed_2012,Unemployed_2012,Unemployment_rate_2012,Civilian_labor_force_2013,Employed_2013,Unemployed_2013,Unemployment_rate_2013,Civilian_labor_force_2014,Employed_2014,Unemployed_2014,Unemployment_rate_2014,Civilian_labor_force_2015,Employed_2015,Unemployed_2015,Unemployment_rate_2015,Civilian_labor_force_2016,Employed_2016,Unemployed_2016,Unemployment_rate_2016,Civilian_labor_force_2017,Employed_2017,Unemployed_2017,Unemployment_rate_2017,Civilian_labor_force_2018,Employed_2018,Unemployed_2018,Unemployment_rate_2018,Civilian_labor_force_2019,Employed_2019,Unemployed_2019,Unemployment_rate_2019,Civilian_labor_force_2020,Employed_2020,Unemployed_2020,Unemployment_rate_2020,Civilian_labor_force_2021,Employed_2021,Unemployed_2021,Unemployment_rate_2021,Civilian_labor_force_2022,Employed_2022,Unemployed_2022,Unemployment_rate_2022,Civilian_labor_force_2023,Employed_2023,Unemployed_2023,Unemployment_rate_2023,Median_Household_Income_2022,Med_HH_Income_Percent_of_State_Total_2022
04003,AZ,"Cochise County, AZ",3,2,1,"48,657","46,466","2,191",4.5,"50,457","48,011","2,446",4.8,"52,619","49,480","3,139",6.0,"53,904","50,832","3,072",5.7,"54,516","51,827","2,689",4.9,"55,374","52,724","2,650",4.8,"56,835","54,218","2,617",4.6,"56,983","54,709","2,274",4.0,"60,117","56,801","3,316",5.5,"63,101","58,204","4,897",7.8,"57,146","51,843","5,303",9.3,"56,190","50,870","5,320",9.5,"54,343","49,438","4,905",9.0,"51,900","47,097","4,803",9.3,"51,273","46,954","4,319",8.4,"50,586","46,891","3,695",7.3,"49,799","46,647","3,152",6.3,"48,125","45,406","2,719",5.6,"48,079","45,396","2,683",5.6,"48,778","45,986","2,792",5.7,"50,273","46,793","3,480",6.9,"48,938","46,465","2,473",5.1,"48,730","46,597","2,133",4.4,"49,585","47,337","2,248",4.5,"55,254",74.3
04019,AZ,"Pima County, AZ",1,2,1,"409,884","394,670","15,214",3.7,"416,341","398,250","18,091",4.3,"424,352","399,866","24,486",5.8,"428,187","405,261","22,926",5.4,"437,675","417,344","20,331",4.6,"438,417","418,851","19,566",4.5,"448,856","430,294","18,562",4.1,"456,210","439,740","16,470",3.6,"473,209","447,233","25,976",5.5,"486,097","443,226","42,871",8.8,"479,984","435,352","44,632",9.3,"469,332","429,711","39,621",8.4,"466,804","432,392","34,412",7.4,"462,267","430,789","31,478",6.8,"465,898","437,713","28,185",6.0,"467,826","442,099","25,727",5.5,"471,452","447,695","23,757",5.0,"464,230","443,046","21,184",4.6,"470,435","449,635","20,800",4.4,"482,462","460,801","21,661",4.5,"481,338","444,682","36,656",7.6,"482,454","457,762","24,692",5.1,"486,536","468,109","18,427",3.8,"494,336","475,422","18,914",3.8,"64,007",86.1
04023,AZ,"Santa Cruz County, AZ",6,5,0,"14,755","13,539","1,216",8.2,"15,061","13,745","1,316",8.7,"15,349","13,780","1,569",10.2,"15,667","14,165","1,502",9.6,"15,564","14,093","1,471",9.5,"15,930","14,560","1,370",8.6,"16,650","15,353","1,297",7.8,"17,058","15,828","1,230",7.2,"17,783","15,930","1,853",10.4,"18,564","15,704","2,860",15.4,"20,917","17,748","3,169",15.2,"20,567","17,407","3,160",15.4,"20,293","17,157","3,136",15.5,"20,355","17,210","3,145",15.5,"20,422","17,777","2,645",13.0,"19,986","17,687","2,299",11.5,"19,282","17,317","1,965",10.2,"18,601","16,816","1,785",9.6,"18,714","16,997","1,717",9.2,"18,998","17,364","1,634",8.6,"18,862","16,724","2,138",11.3,"18,888","17,221","1,667",8.8,"18,708","17,298","1,410",7.5,"19,216","17,760","1,456",7.6,"53,467",71.9
04027,AZ,"Yuma County, AZ",3,2,1,"64,393","53,819","10,574",16.4,"65,374","54,543","10,831",16.6,"69,319","57,451","11,868",17.1,"72,729","60,378","12,351",17.0,"73,482","61,978","11,504",15.7,"75,545","63,556","11,989",15.9,"77,446","65,636","11,810",15.2,"78,208","67,478","10,730",13.7,"83,416","68,876","14,540",17.4,"87,485","67,830","19,655",22.5,"92,909","69,699","23,210",25.0,"92,260","70,065","22,195",24.1,"94,613","72,028","22,585",23.9,"95,948","71,342","24,606",25.6,"93,996","72,444","21,552",22.9,"94,249","73,736","20,513",21.8,"94,671","76,590","18,081",19.1,"93,326","77,245","16,081",17.2,"94,341","78,393","15,948",16.9,"97,017","80,867","16,150",16.6,"95,258","78,941","16,317",17.1,"93,520","81,293","12,227",13.1,"97,522","85,370","12,152",12.5,"98,597","85,581","13,016",13.2,"54,209",72.9
06025,CA,"Imperial County, CA",3,2,1,"55,945","46,291","9,654",17.3,"55,481","46,598","8,883",16.0,"57,290","48,650","8,640",15.1,"58,740","49,493","9,247",15.7,"59,445","49,310","10,135",17.0,"60,583","50,934","9,649",15.9,"63,109","53,393","9,716",15.4,"65,955","54,157","11,798",17.9,"72,509","56,114","16,395",22.6,"76,558","54,882","21,676",28.3,"79,098","55,836","23,262",29.4,"79,611","56,301","23,310",29.3,"79,347","57,355","21,992",27.7,"78,165","58,391","19,774",25.3,"78,264","59,281","18,983",24.3,"76,750","57,864","18,886",24.6,"75,186","56,998","18,188",24.2,"72,049","57,886","14,163",19.7,"71,112","57,756","13,356",18.8,"73,545","58,295","15,250",20.7,"71,538","55,364","16,174",22.6,"68,865","56,838","12,027",17.5,"69,936","59,517","10,419",14.9,"73,294","60,637","12,657",17.3,"55,523",60.7
06073,CA,"San Diego County, CA",1,1,1,"1,375,223","1,322,119","53,104",3.9,"1,405,911","1,346,728","59,183",4.2,"1,442,325","1,367,542","74,783",5.2,"1,457,231","1,380,708","76,523",5.3,"1,478,132","1,408,251","69,881",4.7,"1,490,071","1,426,095","63,976",4.3,"1,498,544","1,439,206","59,338",4.0,"1,517,503","1,449,165","68,338",4.5,"1,546,617","1,453,044","93,573",6.1,"1,561,162","1,408,178","152,984",9.8,"1,515,862","1,348,833","167,029",11.0,"1,521,745","1,361,865","159,880",10.5,"1,536,925","1,394,274","142,651",9.3,"1,537,644","1,415,625","122,019",7.9,"1,537,512","1,437,398","100,114",6.5,"1,548,794","1,467,686","81,108",5.2,"1,563,246","1,489,143","74,103",4.7,"1,570,791","1,507,180","63,611",4.0,"1,579,787","1,526,622","53,165",3.4,"1,580,775","1,529,389","51,386",3.3,"1,544,298","1,399,329","144,969",9.4,"1,544,408","1,444,339","100,069",6.5,"1,578,463","1,523,260","55,203",3.5,"1,596,432","1,534,417","62,015",3.9,"98,365",107.5
35013,NM,"Dona Ana County, NM",3,2,1,"75,962","71,244","4,718",6.2,"76,531","71,848","4,683",6.1,"78,692","73,817","4,875",6.2,"81,055","75,784","5,271",6.5,"81,506","76,461","5,045",6.2,"83,973","79,142","4,831",5.8,"84,538","80,574","3,964",4.7,"85,682","82,263","3,419",4.0,"87,857","83,858","3,999",4.6,"89,070","82,937","6,133",6.9,"92,896","85,982","6,914",7.4,"92,873","86,124","6,749",7.3,"93,870","87,140","6,730",7.2,"94,284","87,259","7,025",7.5,"94,455","87,658","6,797",7.2,"94,974","87,947","7,027",7.4,"96,370","89,390","6,980",7.2,"96,802","90,304","6,498",6.7,"96,870","91,379","5,491",5.7,"98,120","92,439","5,681",5.8,"96,511","88,977","7,534",7.8,"98,454","91,646","6,808",6.9,"99,295","94,887","4,408",4.4,"102,153","97,763","4,390",4.3,"52,011",86.9
35017,NM,"Grant County, NM",7,8,0,"12,772","12,020",752,5.9,"12,976","12,155",821,6.3,"12,629","11,389","1,240",9.8,"11,812","10,601","1,211",10.3,"11,714","10,727",987,8.4,"11,841","11,121",720,6.1,"12,051","11,533",518,4.3,"12,054","11,612",442,3.7,"12,227","11,647",580,4.7,"11,648","10,247","1,401",12.0,"12,247","11,110","1,137",9.3,"12,705","11,816",889,7.0,"13,023","12,174",849,6.5,"12,919","12,048",871,6.7,"12,587","11,766",821,6.5,"12,555","11,733",822,6.5,"12,559","11,740",819,6.5,"12,379","11,635",744,6.0,"12,341","11,747",594,4.8,"12,232","11,638",594,4.9,"11,727","10,738",989,8.4,"11,456","10,595",861,7.5,"11,589","11,108",481,4.2,"11,712","11,301",411,3.5,"47,099",78.7
35023,NM,"Hidalgo County, NM",9,9,0,"2,615","2,434",181,6.9,"2,559","2,404",155,6.1,"2,370","2,265",105,4.4,"2,365","2,244",121,5.1,"2,349","2,210",139,5.9,"2,418","2,295",123,5.1,"2,400","2,314",86,3.6,"2,483","2,411",72,2.9,"2,590","2,483",107,4.1,"2,643","2,439",204,7.7,"2,284","2,097",187,8.2,"2,272","2,107",165,7.3,"2,340","2,172",168,7.2,"2,187","2,023",164,7.5,"2,159","2,007",152,7.0,"2,150","2,015",135,6.3,"2,219","2,095",124,5.6,"2,154","2,045",109,5.1,"2,220","2,136",84,3.8,"2,089","1,999",90,4.3,"1,906","1,801",105,5.5,"1,888","1,780",108,5.7,"1,894","1,829",65,3.4,"1,763","1,705",58,3.3,"43,610",72.9
35029,NM,"Luna County, NM",6,5,0,"10,686","9,002","1,684",15.8,"10,675","8,893","1,782",16.7,"11,064","9,415","1,649",14.9,"11,998","10,079","1,919",16.0,"11,888","10,033","1,855",15.6,"12,420","10,783","1,637",13.2,"12,149","10,825","1,324",10.9,"12,105","10,925","1,180",9.7,"12,148","10,732","1,416",11.7,"12,193","10,175","2,018",16.6,"11,516","9,288","2,228",19.3,"11,366","9,146","2,220",19.5,"11,438","9,195","2,243",19.6,"11,362","9,210","2,152",18.9,"11,410","9,373","2,037",17.9,"11,130","9,184","1,946",17.5,"10,870","9,283","1,587",14.6,"10,657","9,178","1,479",13.9,"10,182","8,980","1,202",11.8,"10,386","9,104","1,282",12.3,"10,129","8,576","1,553",15.3,"10,140","8,593","1,547",15.3,"9,845","8,861",984,10.0,"10,089","9,077","1,012",10.0,"38,796",64.8
35035,NM,"Otero County, NM",4,5,0,"24,229","22,922","1,307",5.4,"24,306","22,994","1,312",5.4,"24,643","23,256","1,387",5.6,"25,202","23,666","1,536",6.1,"26,323","24,974","1,349",5.1,"26,459","25,131","1,328",5.0,"25,663","24,573","1,090",4.2,"25,620","24,685",935,3.6,"25,590","24,512","1,078",4.2,"25,622","24,000","1,622",6.3,"24,796","23,075","1,721",6.9,"24,557","22,947","1,610",6.6,"25,081","23,482","1,599",6.4,"25,397","23,784","1,613",6.4,"24,883","23,347","1,536",6.2,"25,168","23,594","1,574",6.3,"25,674","24,101","1,573",6.1,"25,216","23,695","1,521",6.0,"24,776","23,561","1,215",4.9,"24,933","23,676","1,257",5.0,"25,111","23,128","1,983",7.9,"25,262","23,531","1,731",6.9,"25,081","24,031","1,050",4.2,"24,973","23,970","1,003",4.0,"52,787",88.2
35051,NM,"Sierra County, NM",6,6,0,"5,257","5,021",236,4.5,"5,325","5,073",252,4.7,"5,322","5,038",284,5.3,"5,279","4,986",293,5.6,"5,295","4,995",300,5.7,"5,379","5,085",294,5.5,"5,337","5,100",237,4.4,"5,466","5,281",185,3.4,"5,826","5,599",227,3.9,"5,893","5,574",319,5.4,"3,993","3,641",352,8.8,"3,865","3,497",368,9.5,"3,975","3,593",382,9.6,"4,013","3,623",390,9.7,"3,970","3,610",360,9.1,"4,058","3,685",373,9.2,"4,094","3,745",349,8.5,"4,214","3,890",324,7.7,"4,107","3,821",286,7.0,"3,924","3,658",266,6.8,"4,050","3,697",353,8.7,"4,094","3,751",343,8.4,"3,941","3,705",236,6.0,"3,877","3,645",232,6.0,"40,420",67.5
48043,TX,"Brewster County, TX",7,11,0,"4,566","4,386",180,3.9,"4,724","4,533",191,4.0,"4,840","4,608",232,4.8,"5,110","4,865",245,4.8,"5,411","5,177",234,4.3,"5,270","5,070",200,3.8,"5,414","5,227",187,3.5,"5,221","5,046",175,3.4,"5,106","4,917",189,3.7,"5,168","4,907",261,5.1,"4,919","4,649",270,5.5,"4,856","4,577",279,5.7,"4,552","4,322",230,5.1,"4,146","3,914",232,5.6,"4,062","3,871",191,4.7,"3,911","3,756",155,4.0,"3,963","3,814",149,3.8,"3,938","3,799",139,3.5,"4,014","3,879",135,3.4,"4,157","4,036",121,2.9,"4,089","3,818",271,6.6,"4,227","4,034",193,4.6,"4,218","4,072",146,3.5,"4,417","4,274",143,3.2,"52,388",72.5
48047,TX,"Brooks County, TX",9,9,0,"2,895","2,696",199,6.9,"3,113","2,928",185,5.9,"3,197","2,954",243,7.6,"3,298","3,028",270,8.2,"3,251","3,007",244,7.5,"3,105","2,893",212,6.8,"3,031","2,840",191,6.3,"3,084","2,917",167,5.4,"3,272","3,098",174,5.3,"3,318","3,009",309,9.3,"2,597","2,285",312,12.0,"2,693","2,397",296,11.0,"2,715","2,479",236,8.7,"2,761","2,510",251,9.1,"2,704","2,492",212,7.8,"2,604","2,344",260,10.0,"2,441","2,152",289,11.8,"2,415","2,214",201,8.3,"2,434","2,277",157,6.5,"2,596","2,464",132,5.1,"2,585","2,309",276,10.7,"2,504","2,277",227,9.1,"2,375","2,231",144,6.1,"2,295","2,168",127,5.5,"35,359",48.9
48061,TX,"Cameron County, TX",2,2,1,"127,525","118,520","9,005",7.1,"131,078","120,830","10,248",7.8,"138,254","125,842","12,412",9.0,"142,082","128,489","13,593",9.6,"141,769","129,379","12,390",8.7,"140,866","130,014","10,852",7.7,"143,072","133,521","9,551",6.7,"142,921","134,360","8,561",6.0,"146,091","136,353","9,738",6.7,"151,819","137,116","14,703",9.7,"162,522","144,310","18,212",11.2,"165,944","146,311","19,633",11.8,"165,860","148,873","16,987",10.2,"166,810","150,060","16,750",10.0,"166,204","152,175","14,029",8.4,"163,191","151,483","11,708",7.2,"166,111","154,169","11,942",7.2,"165,051","153,499","11,552",7.0,"164,717","154,504","10,213",6.2,"165,324","156,197","9,127",5.5,"170,184","152,951","17,233",10.1,"176,084","161,984","14,100",8.0,"177,980","167,764","10,216",5.7,"181,270","171,454","9,816",5.4,"49,583",68.6
48105,TX,"Crockett County, TX",8,11,0,"2,048","1,970",78,3.8,"2,041","1,970",71,3.5,"2,108","2,014",94,4.5,"2,176","2,087",89,4.1,"2,090","2,010",80,3.8,"2,044","1,968",76,3.7,"2,028","1,957",71,3.5,"2,070","2,008",62,3.0,"2,207","2,143",64,2.9,"2,288","2,093",195,8.5,"1,725","1,576",149,8.6,"1,715","1,597",118,6.9,"1,769","1,681",88,5.0,"1,880","1,783",97,5.2,"1,930","1,856",74,3.8,"1,901","1,786",115,6.0,"1,737","1,606",131,7.5,"1,667","1,599",68,4.1,"1,621","1,573",48,3.0,"1,618","1,571",47,2.9,"1,546","1,408",138,8.9,"1,474","1,376",98,6.6,"1,432","1,375",57,4.0,"1,503","1,453",50,3.3,"71,851",99.4
48109,TX,"Culberson County, TX",9,12,0,"1,495","1,409",86,5.8,"1,547","1,474",73,4.7,"1,606","1,510",96,6.0,"1,599","1,510",89,5.6,"1,545","1,463",82,5.3,"1,655","1,589",66,4.0,"1,637","1,585",52,3.2,"1,753","1,705",48,2.7,"1,756","1,704",52,3.0,"1,814","1,743",71,3.9,"1,034",960,74,7.2,"1,018",945,73,7.2,987,928,59,6.0,"1,017",965,52,5.1,"1,012",969,43,4.2,"1,041",997,44,4.2,"1,000",959,41,4.1,916,882,34,3.7,968,938,30,3.1,"1,034",991,43,4.2,"1,126","1,052",74,6.6,"1,075","1,023",52,4.8,"1,159","1,126",33,2.8,"1,246","1,206",40,3.2,"52,160",72.2
48127,TX,"Dimmit County, TX",7,6,0,"3,872","3,532",340,8.8,"3,878","3,578",300,7.7,"4,025","3,655",370,9.2,"4,248","3,847",401,9.4,"3,995","3,635",360,9.0,"3,830","3,512",318,8.3,"3,831","3,536",295,7.7,"3,961","3,709",252,6.4,"3,970","3,708",262,6.6,"4,210","3,791",419,10.0,"3,861","3,453",408,10.6,"4,911","4,519",392,8.0,"5,751","5,418",333,5.8,"6,769","6,427",342,5.1,"7,648","7,355",293,3.8,"7,164","6,830",334,4.7,"6,242","5,796",446,7.1,"6,441","6,113",328,5.1,"7,303","7,082",221,3.0,"7,384","7,197",187,2.5,"6,461","6,049",412,6.4,"5,928","5,599",329,5.5,"6,180","5,942",238,3.9,"6,288","6,085",203,3.2,"44,312",61.3
48131,TX,"Duval County, TX",9,9,0,"5,024","4,667",357,7.1,"5,226","4,891",335,6.4,"5,068","4,603",465,9.2,"5,279","4,837",442,8.4,"5,276","4,913",363,6.9,"5,271","4,943",328,6.2,"5,238","4,950",288,5.5,"5,137","4,882",255,5.0,"5,176","4,898",278,5.4,"5,269","4,695",574,10.9,"5,047","4,457",590,11.7,"5,213","4,706",507,9.7,"5,419","5,040",379,7.0,"5,531","5,175",356,6.4,"5,523","5,211",312,5.6,"5,241","4,815",426,8.1,"4,887","4,352",535,10.9,"4,768","4,399",369,7.7,"5,028","4,763",265,5.3,"4,914","4,695",219,4.5,"4,823","4,236",587,12.2,"5,472","5,034",438,8.0,"5,069","4,841",228,4.5,"4,987","4,768",219,4.4,"40,539",56.1
48137,TX,"Edwards County, TX",9,12,0,956,914,42,4.4,"1,040",993,47,4.5,"1,072","1,017",55,5.1,"1,140","1,091",49,4.3,"1,104","1,059",45,4.1,"1,031",989,42,4.1,961,919,42,4.4,"1,001",961,40,4.0,"1,043","1,004",39,3.7,"1,079","1,003",76,7.0,"1,038",964,74,7.1,990,923,67,6.8,925,866,59,6.4,902,849,53,5.9,866,828,38,4.4,865,825,40,4.6,867,827,40,4.6,899,870,29,3.2,877,852,25,2.9,"1,040","1,016",24,2.3,"1,234","1,190",44,3.6,"1,287","1,232",55,4.3,"1,193","1,158",35,2.9,"1,264","1,233",31,2.5,"50,752",70.2
48141,TX,"El Paso County, TX",2,2,1,"275,899","257,068","18,831",6.8,"275,534","255,531","20,003",7.3,"283,212","260,151","23,061",8.1,"288,427","263,013","25,414",8.8,"288,764","266,900","21,864",7.6,"291,327","270,545","20,782",7.1,"291,307","271,535","19,772",6.8,"291,434","274,214","17,220",5.9,"298,075","279,688","18,387",6.2,"308,412","281,253","27,159",8.8,"341,489","309,927","31,562",9.2,"346,916","312,917","33,999",9.8,"346,680","317,204","29,476",8.5,"346,619","318,975","27,644",8.0,"344,136","321,731","22,405",6.5,"341,782","323,955","17,827",5.2,"349,935","332,601","17,334",5.0,"351,540","335,163","16,377",4.7,"355,713","340,580","15,133",4.3,"359,596","345,847","13,749",3.8,"361,398","331,382","30,016",8.3,"366,331","343,774","22,557",6.2,"370,182","354,166","16,016",4.3,"378,938","362,318","16,620",4.4,"53,441",73.9
48163,TX,"Frio County, TX",6,4,0,"6,179","5,798",381,6.2,"6,235","5,829",406,6.5,"6,293","5,807",486,7.7,"6,617","6,097",520,7.9,"6,493","6,036",457,7.0,"6,399","6,008",391,6.1,"6,463","6,107",356,5.5,"6,510","6,188",322,4.9,"6,869","6,499",370,5.4,"7,460","6,905",555,7.4,"7,595","7,038",557,7.3,"7,966","7,432",534,6.7,"8,652","8,219",433,5.0,"9,268","8,831",437,4.7,"10,326","9,952",374,3.6,"9,806","9,427",379,3.9,"8,783","8,355",428,4.9,"9,294","8,925",369,4.0,"10,110","9,820",290,2.9,"10,351","10,079",272,2.6,"9,515","8,975",540,5.7,"9,477","9,022",455,4.8,"9,490","9,164",326,3.4,"9,383","9,078",305,3.3,"46,769",64.7
48215,TX,"Hidalgo County, TX",2,2,1,"211,851","192,259","19,592",9.2,"219,379","198,331","21,048",9.6,"230,937","206,838","24,099",10.4,"245,506","219,937","25,569",10.4,"254,517","231,371","23,146",9.1,"261,782","240,836","20,946",8.0,"265,959","246,140","19,819",7.5,"272,038","254,009","18,029",6.6,"282,708","262,352","20,356",7.2,"297,367","266,261","31,106",10.5,"318,793","281,155","37,638",11.8,"326,643","287,651","38,992",11.9,"327,192","292,711","34,481",10.5,"330,700","296,229","34,471",10.4,"331,733","302,287","29,446",8.9,"331,119","304,695","26,424",8.0,"337,251","310,858","26,393",7.8,"340,521","314,913","25,608",7.5,"345,147","322,241","22,906",6.6,"349,181","327,268","21,913",6.3,"359,152","317,207","41,945",11.7,"367,863","334,443","33,420",9.1,"371,568","347,089","24,479",6.6,"378,591","355,519","23,072",6.1,"48,825",67.6
48229,TX,"Hudspeth County, TX",2,2,1,"1,320","1,260",60,4.5,"1,312","1,242",70,5.3,"1,290","1,192",98,7.6,"1,386","1,277",109,7.9,"1,355","1,265",90,6.6,"1,335","1,241",94,7.0,"1,426","1,326",100,7.0,"1,527","1,449",78,5.1,"1,594","1,531",63,4.0,"1,724","1,631",93,5.4,"1,415","1,302",113,8.0,"1,388","1,272",116,8.4,"1,323","1,225",98,7.4,"1,292","1,201",91,7.0,"1,250","1,170",80,6.4,"1,282","1,209",73,5.7,"1,542","1,450",92,6.0,"1,652","1,556",96,5.8,"1,790","1,707",83,4.6,"1,847","1,767",80,4.3,"1,844","1,694",150,8.1,"1,862","1,755",107,5.7,"1,886","1,810",76,4.0,"1,906","1,834",72,3.8,"39,582",54.8
48243,TX,"Jeff Davis County, TX",9,12,0,"1,166","1,121",45,3.9,"1,202","1,157",45,3.7,"1,275","1,217",58,4.5,"1,358","1,302",56,4.1,"1,312","1,262",50,3.8,"1,208","1,161",47,3.9,"1,197","1,148",49,4.1,"1,180","1,141",39,3.3,"1,193","1,149",44,3.7,"1,204","1,147",57,4.7,"1,274","1,211",63,4.9,"1,249","1,185",64,5.1,"1,213","1,154",59,4.9,"1,159","1,111",48,4.1,"1,146","1,104",42,3.7,"1,081","1,045",36,3.3,"1,074","1,042",32,3.0,"1,059","1,025",34,3.2,"1,060","1,029",31,2.9,"1,038","1,008",30,2.9,957,908,49,5.1,"1,033",989,44,4.3,"1,018",982,36,3.5,"1,005",973,32,3.2,"58,285",80.6
48247,TX,"Jim Hogg County, TX",8,6,0,"2,188","2,055",133,6.1,"2,205","2,100",105,4.8,"2,369","2,221",148,6.2,"2,470","2,319",151,6.1,"2,564","2,437",127,5.0,"2,628","2,501",127,4.8,"2,691","2,574",117,4.3,"2,738","2,633",105,3.8,"2,771","2,666",105,3.8,"3,017","2,785",232,7.7,"2,332","2,091",241,10.3,"2,330","2,122",208,8.9,"2,344","2,191",153,6.5,"2,321","2,155",166,7.2,"2,196","2,061",135,6.1,"2,029","1,882",147,7.2,"1,945","1,759",186,9.6,"1,892","1,753",139,7.3,"1,865","1,758",107,5.7,"1,867","1,777",90,4.8,"1,872","1,693",179,9.6,"1,864","1,703",161,8.6,"1,809","1,711",98,5.4,"1,851","1,764",87,4.7,"43,782",60.6
48261,TX,"Kenedy County, TX",9,8,0,207,200,7,3.4,208,201,7,3.4,215,205,10,4.7,230,221,9,3.9,239,229,10,4.2,249,242,7,2.8,244,237,7,2.9,236,229,7,3.0,238,230,8,3.4,236,222,14,5.9,220,205,15,6.8,239,223,16,6.7,253,240,13,5.1,296,284,12,4.1,338,328,10,3.0,282,273,9,3.2,217,207,10,4.6,240,232,8,3.3,245,236,9,3.7,229,221,8,3.5,179,169,10,5.6,186,175,11,5.9,145,136,9,6.2,127,118,9,7.1,"43,274",59.9
48271,TX,"Kinney County, TX",9,10,0,"1,212","1,120",92,7.6,"1,257","1,171",86,6.8,"1,341","1,234",107,8.0,"1,423","1,313",110,7.7,"1,471","1,375",96,6.5,"1,446","1,357",89,6.2,"1,332","1,254",78,5.9,"1,356","1,291",65,4.8,"1,375","1,302",73,5.3,"1,440","1,329",111,7.7,"1,272","1,129",143,11.2,"1,272","1,139",133,10.5,"1,260","1,150",110,8.7,"1,217","1,100",117,9.6,"1,227","1,137",90,7.3,"1,185","1,109",76,6.4,"1,156","1,089",67,5.8,"1,157","1,092",65,5.6,"1,341","1,282",59,4.4,"1,355","1,307",48,3.5,"1,307","1,229",78,6.0,"1,254","1,184",70,5.6,"1,262","1,201",61,4.8,"1,261","1,203",58,4.6,"52,609",72.8
48283,TX,"La Salle County, TX",8,6,0,"2,208","2,050",158,7.2,"2,217","2,066",151,6.8,"2,255","2,066",189,8.4,"2,365","2,181",184,7.8,"2,344","2,188",156,6.7,"2,608","2,460",148,5.7,"2,741","2,601",140,5.1,"2,757","2,621",136,4.9,"2,911","2,754",157,5.4,"2,928","2,658",270,9.2,"2,728","2,481",247,9.1,"3,136","2,917",219,7.0,"3,663","3,500",163,4.4,"4,168","4,010",158,3.8,"4,569","4,426",143,3.1,"4,270","4,091",179,4.2,"3,887","3,687",200,5.1,"4,175","4,021",154,3.7,"4,550","4,439",111,2.4,"4,353","4,248",105,2.4,"3,723","3,472",251,6.7,"3,811","3,648",163,4.3,"4,116","3,997",119,2.9,"4,070","3,965",105,2.6,"40,555",56.1
48311,TX,"McMullen County, TX",8,12,0,400,384,16,4.0,439,422,17,3.9,434,415,19,4.4,458,435,23,5.0,432,411,21,4.9,382,362,20,5.2,340,320,20,5.9,336,319,17,5.1,333,315,18,5.4,361,336,25,6.9,488,467,21,4.3,659,638,21,3.2,742,725,17,2.3,881,857,24,2.7,"1,058","1,037",21,2.0,969,949,20,2.1,862,844,18,2.1,743,729,14,1.9,711,698,13,1.8,809,796,13,1.6,716,696,20,2.8,752,735,17,2.3,851,835,16,1.9,829,815,14,1.7,"67,525",93.4
48323,TX,"Maverick County, TX",3,8,1,"16,559","14,053","2,506",15.1,"16,617","13,697","2,920",17.6,"17,282","13,902","3,380",19.6,"18,595","15,311","3,284",17.7,"18,684","15,905","2,779",14.9,"19,189","16,603","2,586",13.5,"19,579","17,024","2,555",13.0,"19,877","17,574","2,303",11.6,"20,855","18,630","2,225",10.7,"22,780","19,528","3,252",14.3,"23,566","19,979","3,587",15.2,"23,955","20,495","3,460",14.4,"23,305","20,404","2,901",12.4,"23,632","20,659","2,973",12.6,"23,383","20,789","2,594",11.1,"23,666","21,126","2,540",10.7,"24,249","21,519","2,730",11.3,"23,758","21,520","2,238",9.4,"23,473","21,546","1,927",8.2,"23,458","21,676","1,782",7.6,"24,229","20,559","3,670",15.1,"23,814","20,886","2,928",12.3,"23,525","21,646","1,879",8.0,"23,770","21,990","1,780",7.5,"43,407",60.1
48371,TX,"Pecos County, TX",7,11,0,"7,011","6,653",358,5.1,"7,013","6,657",356,5.1,"7,168","6,713",455,6.3,"7,370","6,914",456,6.2,"7,118","6,693",425,6.0,"6,678","6,331",347,5.2,"6,717","6,401",316,4.7,"6,560","6,280",280,4.3,"7,062","6,746",316,4.5,"8,433","7,711",722,8.6,"7,187","6,659",528,7.3,"7,192","6,746",446,6.2,"6,978","6,622",356,5.1,"6,692","6,327",365,5.5,"6,853","6,565",288,4.2,"6,869","6,512",357,5.2,"6,498","6,116",382,5.9,"6,224","5,931",293,4.7,"6,369","6,135",234,3.7,"6,324","6,116",208,3.3,"6,393","5,865",528,8.3,"6,243","5,813",430,6.9,"6,223","5,965",258,4.1,"6,259","6,036",223,3.6,"54,003",74.7
48377,TX,"Presidio County, TX",9,11,0,"3,200","2,663",537,16.8,"3,304","2,795",509,15.4,"3,415","2,879",536,15.7,"3,621","3,054",567,15.7,"3,517","3,015",502,14.3,"3,258","2,895",363,11.1,"3,219","2,875",344,10.7,"3,215","2,924",291,9.1,"3,349","2,999",350,10.5,"3,753","3,149",604,16.1,"3,750","3,055",695,18.5,"3,789","3,197",592,15.6,"3,816","3,312",504,13.2,"3,751","3,265",486,13.0,"3,410","3,008",402,11.8,"3,118","2,784",334,10.7,"3,081","2,751",330,10.7,"3,020","2,733",287,9.5,"3,019","2,808",211,7.0,"3,088","2,889",199,6.4,"3,192","2,717",475,14.9,"3,113","2,797",316,10.2,"3,108","2,914",194,6.2,"3,038","2,848",190,6.3,"43,666",60.4
48385,TX,"Real County, TX",9,10,0,"1,392","1,330",62,4.5,"1,309","1,236",73,5.6,"1,334","1,245",89,6.7,"1,384","1,296",88,6.4,"1,388","1,315",73,5.3,"1,325","1,258",67,5.1,"1,346","1,279",67,5.0,"1,372","1,318",54,3.9,"1,460","1,405",55,3.8,"1,542","1,457",85,5.5,"1,138","1,034",104,9.1,"1,135","1,020",115,10.1,"1,064",965,99,9.3,"1,061",975,86,8.1,"1,058",991,67,6.3,"1,064","1,009",55,5.2,"1,041",982,59,5.7,"1,046",986,60,5.7,"1,041",989,52,5.0,"1,052","1,011",41,3.9,"1,080","1,010",70,6.5,"1,150","1,082",68,5.9,"1,141","1,087",54,4.7,"1,103","1,047",56,5.1,"49,467",68.4
48389,TX,"Reeves County, TX",7,8,0,"5,056","4,606",450,8.9,"4,992","4,626",366,7.3,"5,045","4,338",707,14.0,"4,755","4,214",541,11.4,"4,389","4,011",378,8.6,"4,250","3,930",320,7.5,"4,126","3,869",257,6.2,"4,094","3,878",216,5.3,"4,182","3,940",242,5.8,"4,699","4,164",535,11.4,"5,754","5,244",510,8.9,"5,538","5,082",456,8.2,"5,330","4,974",356,6.7,"5,618","5,292",326,5.8,"5,751","5,516",235,4.1,"5,680","5,406",274,4.8,"6,036","5,715",321,5.3,"6,942","6,692",250,3.6,"9,338","9,143",195,2.1,"11,074","10,879",195,1.8,"8,785","8,153",632,7.2,"8,545","8,053",492,5.8,"8,536","8,241",295,3.5,"9,177","8,894",283,3.1,"53,969",74.7
48427,TX,"Starr County, TX",4,5,0,"17,804","14,797","3,007",16.9,"18,642","15,690","2,952",15.8,"19,924","16,612","3,312",16.6,"21,139","17,763","3,376",16.0,"21,372","18,281","3,091",14.5,"21,288","18,482","2,806",13.2,"21,475","18,949","2,526",11.8,"21,314","19,020","2,294",10.8,"22,286","19,739","2,547",11.4,"24,489","20,479","4,010",16.4,"26,122","21,586","4,536",17.4,"26,232","21,862","4,370",16.7,"25,957","22,207","3,750",14.4,"26,311","22,345","3,966",15.1,"25,990","22,401","3,589",13.8,"25,911","22,395","3,516",13.6,"26,365","22,837","3,528",13.4,"25,930","22,854","3,076",11.9,"25,006","22,461","2,545",10.2,"24,952","22,484","2,468",9.9,"26,050","21,481","4,569",17.5,"25,542","21,554","3,988",15.6,"24,752","22,023","2,729",11.0,"24,458","22,172","2,286",9.3,"35,758",49.5
48435,TX,"Sutton County, TX",9,11,0,"2,160","2,076",84,3.9,"2,265","2,190",75,3.3,"2,381","2,290",91,3.8,"2,485","2,400",85,3.4,"2,589","2,513",76,2.9,"2,706","2,629",77,2.8,"2,832","2,756",76,2.7,"3,106","3,039",67,2.2,"3,517","3,448",69,2.0,"3,459","3,214",245,7.1,"1,997","1,801",196,9.8,"1,948","1,809",139,7.1,"2,010","1,913",97,4.8,"2,061","1,966",95,4.6,"2,018","1,945",73,3.6,"1,720","1,615",105,6.1,"1,592","1,465",127,8.0,"1,496","1,419",77,5.1,"1,447","1,391",56,3.9,"1,406","1,353",53,3.8,"1,210","1,091",119,9.8,"1,163","1,069",94,8.1,"1,040",981,59,5.7,"1,040",980,60,5.8,"68,838",95.2
48443,TX,"Terrell County, TX",9,12,0,514,494,20,3.9,495,470,25,5.1,494,465,29,5.9,498,462,36,7.2,417,392,25,6.0,384,357,27,7.0,387,365,22,5.7,357,339,18,5.0,331,309,22,6.6,384,349,35,9.1,501,467,34,6.8,517,484,33,6.4,547,522,25,4.6,523,497,26,5.0,479,457,22,4.6,435,414,21,4.8,407,390,17,4.2,390,372,18,4.6,375,362,13,3.5,374,361,13,3.5,379,362,17,4.5,414,400,14,3.4,405,390,15,3.7,374,361,13,3.5,"47,969",66.4
48463,TX,"Uvalde County, TX",6,3,0,"11,412","10,752",660,5.8,"11,365","10,630",735,6.5,"11,687","10,828",859,7.4,"12,065","11,136",929,7.7,"12,096","11,242",854,7.1,"11,741","11,020",721,6.1,"11,359","10,674",685,6.0,"10,969","10,385",584,5.3,"11,168","10,526",642,5.7,"11,623","10,707",916,7.9,"11,844","10,779","1,065",9.0,"12,144","11,031","1,113",9.2,"11,924","10,982",942,7.9,"11,927","11,086",841,7.1,"11,671","10,997",674,5.8,"11,687","11,093",594,5.1,"11,813","11,184",629,5.3,"11,617","11,069",548,4.7,"11,383","10,893",490,4.3,"11,392","10,961",431,3.8,"11,266","10,541",725,6.4,"11,328","10,703",625,5.5,"11,264","10,763",501,4.4,"11,269","10,795",474,4.2,"48,427",67.0
48465,TX,"Val Verde County, TX",5,8,0,"17,380","16,276","1,104",6.4,"17,725","16,614","1,111",6.3,"18,852","17,508","1,344",7.1,"19,474","17,936","1,538",7.9,"19,672","18,267","1,405",7.1,"20,131","18,801","1,330",6.6,"20,227","19,002","1,225",6.1,"20,242","19,128","1,114",5.5,"20,442","19,254","1,188",5.8,"21,055","19,122","1,933",9.2,"20,650","18,722","1,928",9.3,"20,466","18,566","1,900",9.3,"19,965","18,452","1,513",7.6,"19,594","18,134","1,460",7.5,"19,358","18,231","1,127",5.8,"19,581","18,398","1,183",6.0,"20,147","18,887","1,260",6.3,"19,943","18,921","1,022",5.1,"22,257","21,388",869,3.9,"22,703","21,945",758,3.3,"21,464","19,672","1,792",8.3,"22,253","20,947","1,306",5.9,"22,262","21,246","1,016",4.6,"22,215","21,003","1,212",5.5,"52,593",72.8
48479,TX,"Webb County, TX",2,2,1,"71,112","66,729","4,383",6.2,"73,156","68,366","4,790",6.5,"77,972","72,325","5,647",7.2,"81,172","75,184","5,988",7.4,"83,160","77,567","5,593",6.7,"85,998","80,774","5,224",6.1,"87,957","83,140","4,817",5.5,"89,376","85,119","4,257",4.8,"92,471","87,522","4,949",5.4,"94,396","86,377","8,019",8.5,"105,189","96,457","8,732",8.3,"107,844","99,571","8,273",7.7,"108,879","101,867","7,012",6.4,"110,145","103,340","6,805",6.2,"111,033","105,313","5,720",5.2,"111,837","106,503","5,334",4.8,"113,897","108,314","5,583",4.9,"114,261","109,410","4,851",4.2,"115,428","111,043","4,385",3.8,"117,535","113,174","4,361",3.7,"115,773","105,964","9,809",8.5,"116,381","109,107","7,274",6.3,"117,568","112,669","4,899",4.2,"120,663","115,845","4,818",4.0,"56,289",77.9
48489,TX,"Willacy County, TX",6,5,0,"7,308","6,577",731,10.0,"7,236","6,445",791,10.9,"7,273","6,359",914,12.6,"7,631","6,725",906,11.9,"7,395","6,556",839,11.3,"7,558","6,832",726,9.6,"7,630","6,927",703,9.2,"7,551","6,931",620,8.2,"7,718","7,031",687,8.9,"8,410","7,411",999,11.9,"7,794","6,662","1,132",14.5,"7,740","6,429","1,311",16.9,"7,404","6,241","1,163",15.7,"7,427","6,247","1,180",15.9,"7,168","6,269",899,12.5,"6,755","5,868",887,13.1,"6,505","5,707",798,12.3,"6,280","5,582",698,11.1,"6,347","5,716",631,9.9,"6,497","5,961",536,8.2,"6,584","5,795",789,12.0,"7,052","6,339",713,10.1,"7,268","6,669",599,8.2,"7,118","6,564",554,7.8,"41,648",57.6
48505,TX,"Zapata County, TX",6,5,0,"3,993","3,668",325,8.1,"4,156","3,854",302,7.3,"4,458","4,070",388,8.7,"4,709","4,293",416,8.8,"4,890","4,532",358,7.3,"5,084","4,741",343,6.7,"4,920","4,615",305,6.2,"4,948","4,682",266,5.4,"5,167","4,881",286,5.5,"5,341","4,763",578,10.8,"5,769","5,167",602,10.4,"6,465","5,925",540,8.4,"6,802","6,374",428,6.3,"7,050","6,607",443,6.3,"6,929","6,564",365,5.3,"6,194","5,718",476,7.7,"5,210","4,648",562,10.8,"5,351","4,949",402,7.5,"5,320","5,023",297,5.6,"5,078","4,821",257,5.1,"4,664","4,093",571,12.2,"4,590","4,055",535,11.7,"4,590","4,268",322,7.0,"4,424","4,141",283,6.4,"39,403",54.5
48507,TX,"Zavala County, TX",7,9,0,"3,726","3,257",469,12.6,"3,750","3,252",498,13.3,"3,926","3,360",566,14.4,"4,193","3,612",581,13.9,"4,019","3,515",504,12.5,"3,865","3,413",452,11.7,"3,757","3,310",447,11.9,"3,720","3,321",399,10.7,"3,649","3,259",390,10.7,"3,932","3,364",568,14.4,"4,564","3,928",636,13.9,"4,598","3,932",666,14.5,"4,378","3,790",588,13.4,"4,006","3,421",585,14.6,"3,896","3,417",479,12.3,"3,810","3,381",429,11.3,"3,887","3,347",540,13.9,"3,706","3,289",417,11.3,"3,535","3,193",342,9.7,"3,323","3,042",281,8.5,"3,388","2,904",484,14.3,"3,281","2,874",407,12.4,"3,398","3,103",295,8.7,"3,470","3,216",254,7.3,"36,237",50.1